{"metadata":{"asset_id":"36546264-0b9e-44ed-9cc7-456b77a10951","asset_attributes":["notebook"],"name":"visual-dashboards","asset_type":"notebook","created_at":"2022-12-31T00:14:37Z","description":"","origin_country":"us","owner_id":"IBMid-665002Q12E","project_id":"12f8c808-3bbc-4782-8433-46ff7242e50b","size":373851,"tags":["notebook"],"usage":{"last_update_time":1672448675661,"last_updated_at":"2022-12-31T01:04:35Z"}},"entity":{"notebook":{"kernel":{"name":"python3","display_name":"Python 3.10","language":"python"},"originates_from":{"type":"blank"},"runtime":{"environment":"rt222pys2-12f8c808-3bbc-4782-8433-46ff7242e50b"}},"location_definition":{"physical_location_code":"DAL","physical_location_code_assigned_by":"IBMid-665002Q12E","physical_location_code_rds_id":"c57cb90f-2126-3800-9c9f-9eab82021cdf","physical_location_code_rds_version":"00002022-1201-4001-8249-911076000000_2","physical_location_code_assignment_method":"INFERRED","physical_location_code_added_on":"1672359799480"}},"attachments":[{"id":"3e486f68-cdf3-4348-add1-5989499fac6e","version":2,"asset_type":"notebook","name":"attachment for notebook 36546264-0b9e-44ed-9cc7-456b77a10951","description":"attachment for notebook 36546264-0b9e-44ed-9cc7-456b77a10951","mime":"application/json","datasource_type":"193a97c1-4475-4a19-b90c-295c4fdc6517","object_key":"notebook/visual-dashboards_XO_N4A9qw.ipynb","creator_id":"IBMid-665002Q12E","create_time":1672445678186,"size":373851,"is_remote":false,"is_managed":false,"is_referenced":true,"is_object_key_read_only":false,"is_user_provided_path_key":true,"transfer_complete":true,"is_partitioned":false,"complete_time_ticks":1672445678186,"user_data":{},"test_doc":0,"handle":{"bucket":"spacey-donotdelete-pr-ob4voq4k88ssee","location":"us-geo","type":"bluemix_cos","key":"notebook/visual-dashboards_XO_N4A9qw.ipynb","upload_id":"done","max_part_num":1},"usage":{"access_count":11,"last_accessor_id":"IBMid-665002Q12E","last_access_time":1672447888481,"last_updater_id":"IBMid-665002Q12E","last_update_time":1672447888481}}]}
