{"metadata":{"asset_id":"c18143f0-af7e-4b06-a803-79d2bbddfeec","asset_attributes":["notebook"],"name":"data-wrangling","asset_type":"notebook","created_at":"2022-12-30T01:16:04Z","description":"","origin_country":"us","owner_id":"IBMid-665002Q12E","project_id":"12f8c808-3bbc-4782-8433-46ff7242e50b","size":33448,"tags":["notebook"],"usage":{"last_update_time":1672364022878,"last_updated_at":"2022-12-30T01:33:42Z"}},"entity":{"notebook":{"kernel":{"name":"python3","display_name":"Python 3.10","language":"python"},"originates_from":{"type":"blank"},"runtime":{"environment":"rt222pys2-12f8c808-3bbc-4782-8433-46ff7242e50b"}},"location_definition":{"physical_location_code":"DAL","physical_location_code_assigned_by":"IBMid-665002Q12E","physical_location_code_rds_id":"c57cb90f-2126-3800-9c9f-9eab82021cdf","physical_location_code_rds_version":"00002022-1201-4001-8249-911076000000_2","physical_location_code_assignment_method":"INFERRED","physical_location_code_added_on":"1672359799480"}},"attachments":[{"id":"9544c847-990b-4257-92ca-948324f37492","version":2,"asset_type":"notebook","name":"attachment for notebook c18143f0-af7e-4b06-a803-79d2bbddfeec","description":"attachment for notebook c18143f0-af7e-4b06-a803-79d2bbddfeec","mime":"application/json","datasource_type":"193a97c1-4475-4a19-b90c-295c4fdc6517","object_key":"notebook/data-wrangling_5xvM1ZYnQ.ipynb","creator_id":"IBMid-665002Q12E","create_time":1672362965052,"size":33448,"is_remote":false,"is_managed":false,"is_referenced":true,"is_object_key_read_only":false,"is_user_provided_path_key":true,"transfer_complete":true,"is_partitioned":false,"complete_time_ticks":1672362965052,"user_data":{},"test_doc":0,"handle":{"bucket":"spacey-donotdelete-pr-ob4voq4k88ssee","location":"us-geo","type":"bluemix_cos","key":"notebook/data-wrangling_5xvM1ZYnQ.ipynb","upload_id":"done","max_part_num":1},"usage":{"access_count":8,"last_accessor_id":"IBMid-665002Q12E","last_access_time":1672364022877,"last_updater_id":"IBMid-665002Q12E","last_update_time":1672364022877}}]}
