{"metadata":{"asset_id":"b54226d2-32d9-4121-9900-4e26c309cf5c","asset_attributes":["notebook"],"name":"eda-data-visualization","asset_type":"notebook","created_at":"2022-12-30T06:19:39Z","description":"","origin_country":"us","owner_id":"IBMid-665002Q12E","project_id":"12f8c808-3bbc-4782-8433-46ff7242e50b","size":295508,"tags":["notebook"],"usage":{"last_update_time":1672383392750,"last_updated_at":"2022-12-30T06:56:32Z"}},"entity":{"notebook":{"kernel":{"name":"python3","display_name":"Python 3.10","language":"python"},"originates_from":{"type":"blank"},"runtime":{"environment":"rt222pys2-12f8c808-3bbc-4782-8433-46ff7242e50b"}},"location_definition":{"physical_location_code":"DAL","physical_location_code_assigned_by":"IBMid-665002Q12E","physical_location_code_rds_id":"c57cb90f-2126-3800-9c9f-9eab82021cdf","physical_location_code_rds_version":"00002022-1201-4001-8249-911076000000_2","physical_location_code_assignment_method":"INFERRED","physical_location_code_added_on":"1672359799480"}},"attachments":[{"id":"1975f5d8-b932-4766-b687-a031d1b47698","version":2,"asset_type":"notebook","name":"attachment for notebook b54226d2-32d9-4121-9900-4e26c309cf5c","description":"attachment for notebook b54226d2-32d9-4121-9900-4e26c309cf5c","mime":"application/json","datasource_type":"193a97c1-4475-4a19-b90c-295c4fdc6517","object_key":"notebook/eda-data-visualization_GBSuA5ued.ipynb","creator_id":"IBMid-665002Q12E","create_time":1672381180983,"size":295508,"is_remote":false,"is_managed":false,"is_referenced":true,"is_object_key_read_only":false,"is_user_provided_path_key":true,"transfer_complete":true,"is_partitioned":false,"complete_time_ticks":1672381180983,"user_data":{},"test_doc":0,"handle":{"bucket":"spacey-donotdelete-pr-ob4voq4k88ssee","location":"us-geo","type":"bluemix_cos","key":"notebook/eda-data-visualization_GBSuA5ued.ipynb","upload_id":"done","max_part_num":1},"usage":{"access_count":10,"last_accessor_id":"IBMid-665002Q12E","last_access_time":1672383392744,"last_updater_id":"IBMid-665002Q12E","last_update_time":1672383392744}}]}
