{"metadata":{"asset_id":"2d869e98-5b32-4808-b13a-e171533277c7","asset_attributes":["notebook"],"name":"data-collection-webscraping","asset_type":"notebook","created_at":"2022-12-30T00:51:59Z","description":"","origin_country":"us","owner_id":"IBMid-665002Q12E","project_id":"12f8c808-3bbc-4782-8433-46ff7242e50b","size":43470,"tags":["notebook"],"usage":{"last_update_time":1672362499835,"last_updated_at":"2022-12-30T01:08:19Z"}},"entity":{"notebook":{"kernel":{"name":"python3","display_name":"Python 3.10","language":"python"},"originates_from":{"type":"blank"},"runtime":{"environment":"rt222pys2-12f8c808-3bbc-4782-8433-46ff7242e50b"}},"location_definition":{"physical_location_code":"DAL","physical_location_code_assigned_by":"IBMid-665002Q12E","physical_location_code_rds_id":"c57cb90f-2126-3800-9c9f-9eab82021cdf","physical_location_code_rds_version":"00002022-1201-4001-8249-911076000000_2","physical_location_code_assignment_method":"INFERRED","physical_location_code_added_on":"1672359799480"}},"attachments":[{"id":"1a440979-093f-4b2f-809d-eeefc5e965c2","version":2,"asset_type":"notebook","name":"attachment for notebook 2d869e98-5b32-4808-b13a-e171533277c7","description":"attachment for notebook 2d869e98-5b32-4808-b13a-e171533277c7","mime":"application/json","datasource_type":"193a97c1-4475-4a19-b90c-295c4fdc6517","object_key":"notebook/data-collection-webscraping_-NNQ4fxA7.ipynb","creator_id":"IBMid-665002Q12E","create_time":1672361520914,"size":43470,"is_remote":false,"is_managed":false,"is_referenced":true,"is_object_key_read_only":false,"is_user_provided_path_key":true,"transfer_complete":true,"is_partitioned":false,"complete_time_ticks":1672361520914,"user_data":{},"test_doc":0,"handle":{"bucket":"spacey-donotdelete-pr-ob4voq4k88ssee","location":"us-geo","type":"bluemix_cos","key":"notebook/data-collection-webscraping_-NNQ4fxA7.ipynb","upload_id":"done","max_part_num":1},"usage":{"access_count":8,"last_accessor_id":"IBMid-665002Q12E","last_access_time":1672362497239,"last_updater_id":"IBMid-665002Q12E","last_update_time":1672362497239}}]}
